{"train_loss": 1.0432699372371037, "test_loss": 0.9016190581023693, "train_acc": 0.6664806547619048, "test_acc": 0.6817908653846154, "_timestamp": 1724927380.0291898, "_runtime": 2577.434145927429, "_step": 9}