{"train_loss": 2.3005023896694183, "test_loss": 2.2999446392059326, "train_acc": 0.09765625, "test_acc": 0.0985576923076923, "_timestamp": 1724856532.8582973, "_runtime": 1322.3212623596191, "_step": 1}