{"train_loss": 1.182576209306717, "test_loss": 1.2743220422416925, "train_acc": 0.6302083333333334, "test_acc": 0.6135817307692307, "_timestamp": 1724924423.5151322, "_runtime": 424.66600823402405, "_step": 1, "_wandb": {"runtime": 424}}